{
    "train": [
        {
            "epoch": 0,
            "loss": 0.3233479439417521,
            "accuracy": 0.8756666666666666
        },
        {
            "epoch": 1,
            "loss": 0.22183869934082032,
            "accuracy": 0.9159999999999999
        }
    ],
    "val": [
        {
            "epoch": 0,
            "loss": 0.37210221055150033,
            "accuracy": 0.889
        },
        {
            "epoch": 1,
            "loss": 0.2221390604674816,
            "accuracy": 0.916
        }
    ]
}